r,l,t,episode
-51.41402,999,10.655829,1
-50.469504,999,13.104928,2
-48.804582,999,15.334585,3
-46.956988,999,17.991919,4
-44.445176,999,21.334901,5
-43.241873,999,23.961793,6
-42.713907,999,26.114794,7
-38.755444,999,28.235685,8
-34.190511,999,30.406036,9
-34.274076,999,32.52553,10
-33.119363,999,35.439117,11
-29.881848,999,38.651772,12
-28.85234,999,41.423389,13
-26.437313,999,43.640274,14
-25.460479,999,45.75656,15
-22.090959,999,47.983962,16
-21.323181,999,50.225927,17
-19.582149,999,53.215294,18
-20.962959,999,56.6081,19
-16.391313,999,59.282115,20
-15.381105,999,62.577515,21
-14.811515,999,65.199331,22
-14.180119,999,67.743208,23
-12.133268,999,70.683471,24
-11.894635,999,74.249985,25
-11.279833,999,76.62465,26
-10.825648,999,79.022063,27
-9.526135,999,81.974746,28
-7.718541,999,85.294858,29
-8.259091,999,90.104281,30
-7.243328,999,94.412175,31
-6.89042,999,97.764837,32
-5.856779,999,101.549789,33
-5.341655,999,105.006665,34
-4.990221,999,108.987397,35
-4.760685,999,112.466843,36
-4.459241,999,115.058586,37
-3.799856,999,117.584617,38
-3.624485,999,120.24517,39
-3.464387,999,123.131518,40
-3.218279,999,124.479471,41
-2.999027,999,127.487287,42
-2.778359,999,130.232373,43
-2.647764,999,132.408896,44
-2.355508,999,134.460663,45
-2.142414,999,136.538842,46
-2.009131,999,138.590433,47
-1.834022,999,141.224479,48
-1.684865,999,143.807997,49
-1.601129,999,147.208361,50
-1.436666,999,149.515705,51
-1.391542,999,151.621299,52
-1.342623,999,153.754584,53
-1.226632,999,155.81189,54
-1.117909,999,158.125658,55
-1.02777,999,161.321124,56
-1.036521,999,164.157129,57
-0.842842,999,166.514779,58
-0.840188,999,168.710382,59
-0.764847,999,170.987107,60
-0.719192,999,173.414021,61
-0.662028,999,175.569634,62
-0.684171,999,178.434226,63
-0.570714,999,181.472486,64
-0.475318,999,183.903221,65
-0.504729,999,186.083099,66
-0.460889,999,188.266593,67
-0.476724,999,190.62117,68
-0.461263,999,193.115232,69
-0.421027,999,196.07993,70
-0.358048,999,198.911264,71
-0.341201,999,201.105128,72
-0.345195,999,202.987667,73
-0.296361,999,204.924245,74
-0.312659,999,206.869961,75
-0.269757,999,208.768136,76
-0.26866,999,211.311057,77
-0.245427,999,214.221308,78
-0.234812,999,216.857857,79
-0.202818,999,218.911662,80
-0.194239,999,220.960178,81
-0.176782,999,222.054482,82
-0.16437,999,223.968485,83
-0.148637,999,226.022256,84
-0.157519,999,228.394568,85
-0.148871,999,231.300887,86
-0.130947,999,234.241405,87
-0.124345,999,236.429523,88
-0.111541,999,238.972963,89
-0.105399,999,241.726846,90
-0.098223,999,244.378953,91
-0.096803,999,247.072083,92
-0.092493,999,249.934465,93
-0.097848,999,252.246827,94
-0.088778,999,254.231677,95
-0.078782,999,256.293111,96
-0.074981,999,258.36612,97
-0.065615,999,260.415348,98
-0.065449,999,263.497901,99
-0.058546,999,266.640088,100
-0.058215,999,268.977351,101
-0.054415,999,271.308295,102
-0.053525,999,273.448873,103
-0.050196,999,275.475695,104
-0.046758,999,277.496662,105
-0.04432,999,280.380507,106
-0.04065,999,283.325676,107
-0.042746,999,285.931277,108
-0.040363,999,288.053749,109
-0.039178,999,290.546993,110
-0.032778,999,292.804013,111
-0.032229,999,294.968009,112
-0.032518,999,297.509177,113
-0.030896,999,300.287404,114
-0.028288,999,302.739998,115
-0.029556,999,304.753074,116
-0.028298,999,306.791422,117
-0.026797,999,308.973419,118
-0.025071,999,310.978997,119
-0.022718,999,313.516237,120
-0.024609,999,316.242326,121
-0.023733,999,318.749034,122
-0.021401,999,319.787606,123
-0.02195,999,322.302402,124
-0.019204,999,324.657136,125
-0.018564,999,326.920725,126
-0.019356,999,329.211408,127
-0.016904,999,331.790449,128
-0.014704,999,334.651686,129
-0.015289,999,336.663995,130
-0.015368,999,338.65464,131
-0.014668,999,340.632244,132
-0.014565,999,342.603617,133
-0.012191,999,344.52508,134
-0.012335,999,347.062953,135
-0.010189,999,349.787614,136
-0.012029,999,352.492819,137
-0.012859,999,354.498057,138
-0.013119,999,356.448611,139
-0.012581,999,358.489143,140
-0.012017,999,360.484186,141
-0.01153,999,362.656389,142
-0.012426,999,365.261228,143
-0.012739,999,367.9534,144
-0.012051,999,369.997647,145
-0.011724,999,371.970137,146
-0.011059,999,373.904563,147
-0.010484,999,375.877395,148
-0.009128,999,377.762465,149
-0.010155,999,380.189694,150
-0.008463,999,382.83309,151
-0.008374,999,385.450866,152
-0.007719,999,387.381348,153
-0.0089,999,389.294896,154
-0.008192,999,391.18355,155
-0.007483,999,393.022715,156
-0.008072,999,394.90069,157
-0.006655,999,397.338917,158
-0.006706,999,399.899744,159
-0.006305,999,403.104247,160
-0.006427,999,404.983213,161
-0.005983,999,406.820348,162
-0.0058,999,408.756981,163
-0.005697,999,409.744317,164
-0.005311,999,411.679884,165
-0.005593,999,413.922845,166
-0.005703,999,416.559367,167
-0.005185,999,419.543598,168
-0.005236,999,421.539394,169
-0.005033,999,423.490659,170
-0.005098,999,425.407696,171
-0.005119,999,427.319973,172
-0.004755,999,429.212642,173
-0.004658,999,431.545981,174
-0.00469,999,434.282986,175
-0.004204,999,436.896172,176
-0.004609,999,438.859751,177
-0.004384,999,440.815424,178
-0.003981,999,442.843054,179
-0.00389,999,444.760716,180
-0.003526,999,446.678339,181
-0.004386,999,449.256198,182
-0.003715,999,451.988036,183
-0.004107,999,454.151982,184
-0.003811,999,456.044255,185
-0.004437,999,457.8835,186
-0.004237,999,459.780235,187
-0.00395,999,461.710752,188
-0.003706,999,464.03009,189
-0.003874,999,466.637685,190
-0.003916,999,469.33558,191
-0.00353,999,471.30511,192
-0.003711,999,473.223263,193
-0.003756,999,475.116199,194
-0.003552,999,477.072846,195
-0.00361,999,479.012814,196
-0.003218,999,481.433104,197
-0.003249,999,483.955528,198
-0.003323,999,486.677865,199
-0.003161,999,488.614541,200
-0.003236,999,490.570797,201
-0.003024,999,492.495005,202
-0.002933,999,494.419424,203
-0.002853,999,496.309978,204
-0.00284,999,497.54534,205
-0.002592,999,500.090876,206
-0.002589,999,502.770686,207
-0.002594,999,504.907082,208
-0.002377,999,506.893641,209
-0.002515,999,508.825535,210
-0.00232,999,510.786997,211
-0.002582,999,512.711203,212
-0.002308,999,515.177974,213
-0.002502,999,517.89801,214
-0.002353,999,520.704499,215
-0.002344,999,522.742082,216
-0.002301,999,524.644051,217
-0.002133,999,526.621391,218
-0.002251,999,528.629174,219
-0.002185,999,530.902829,220
-0.002076,999,533.658998,221
-0.002352,999,536.629316,222
-0.00243,999,538.629052,223
-0.00237,999,540.747629,224
-0.002596,999,542.775961,225
-0.002514,999,544.76523,226
-0.002251,999,546.79408,227
-0.002329,999,549.431477,228
-0.002278,999,552.292667,229
-0.002098,999,554.60234,230
-0.001966,999,556.55453,231
-0.002101,999,558.610412,232
-0.001995,999,560.775261,233
-0.00198,999,562.964727,234
-0.001877,999,565.384749,235
-0.001953,999,567.993385,236
-0.001943,999,570.777957,237
-0.001908,999,572.804248,238
-0.001732,999,574.750201,239
-0.001949,999,576.741468,240
-0.001814,999,578.77127,241
-0.001662,999,581.0152,242
-0.001918,999,583.678993,243
-0.001738,999,586.585773,244
-0.001579,999,588.845505,245
-0.001556,999,589.889966,246
-0.001583,999,591.974696,247
-0.001702,999,594.071862,248
-0.001604,999,596.067298,249
-0.001546,999,598.267919,250
-0.001527,999,601.106756,251
-0.001519,999,603.900756,252
-0.001465,999,605.808727,253
-0.001392,999,607.708519,254
-0.001403,999,609.614847,255
-0.001447,999,611.568518,256
-0.001431,999,613.505772,257
-0.001505,999,615.993277,258
-0.001371,999,618.62988,259
-0.00148,999,621.162619,260
-0.001394,999,623.096875,261
-0.001364,999,624.877982,262
-0.001281,999,626.788624,263
-0.001331,999,628.733063,264
-0.001402,999,630.721971,265
-0.001385,999,633.184651,266
-0.001159,999,635.819107,267
-0.00125,999,638.142822,268
-0.001287,999,640.077539,269
-0.001273,999,642.09086,270
-0.001263,999,644.130946,271
-0.001399,999,646.102609,272
-0.001417,999,648.8149,273
-0.00124,999,651.644661,274
-0.001248,999,654.540779,275
-0.001285,999,656.524042,276
-0.001206,999,658.523008,277
-0.00125,999,660.578213,278
-0.001297,999,662.728206,279
-0.001162,999,665.09155,280
-0.001138,999,667.511695,281
-0.001178,999,670.430655,282
-0.001161,999,672.561902,283
-0.001239,999,674.421294,284
-0.001067,999,676.388295,285
-0.001173,999,678.324702,286
-0.001223,999,679.322013,287
-0.001047,999,681.537455,288
-0.001118,999,684.190753,289
-0.001087,999,686.83521,290
-0.001152,999,689.332362,291
-0.001085,999,691.416323,292
-0.001156,999,693.450079,293
-0.001182,999,695.390202,294
-0.00114,999,697.386853,295
-0.001174,999,699.711143,296
-0.001087,999,702.44983,297
-0.001115,999,705.367118,298
-0.001085,999,707.398571,299
-0.001081,999,709.463688,300
-0.001239,999,711.749953,301
-0.001254,999,714.022052,302
-0.001185,999,716.577849,303
-0.001155,999,719.458994,304
-0.001119,999,722.229745,305
-0.00116,999,724.367899,306
-0.001049,999,726.517335,307
-0.001237,999,728.537235,308
-0.001064,999,730.480105,309
-0.001036,999,732.62635,310
-0.000971,999,735.060585,311
-0.000943,999,737.656991,312
-0.000859,999,739.834737,313
-0.000903,999,741.923088,314
-0.000886,999,743.901723,315
-0.000878,999,745.836039,316
-0.000882,999,747.753892,317
-0.000899,999,750.123574,318
-0.000865,999,752.851781,319
-0.001062,999,755.510406,320
-0.001024,999,757.448597,321
-0.000855,999,759.346418,322
-0.00092,999,761.306389,323
-0.000922,999,763.239042,324
-0.000828,999,765.03287,325
-0.000816,999,767.506122,326
-0.000692,999,770.305223,327
-0.000783,999,771.600198,328
-0.000777,999,773.703377,329
-0.000973,999,775.628733,330
-0.000797,999,777.542207,331
-0.000806,999,779.43092,332
-0.000815,999,781.338319,333
-0.000807,999,783.642737,334
-0.000811,999,786.074143,335
-0.000958,999,788.79433,336
-0.00082,999,790.703573,337
-0.000737,999,792.731166,338
-0.000768,999,794.593274,339
-0.000804,999,796.492088,340
-0.000759,999,798.391236,341
-0.000898,999,800.799031,342
-0.000731,999,803.510495,343
-0.000755,999,806.201261,344
-0.001164,999,808.104562,345
-0.001074,999,809.994925,346
-0.000878,999,811.917136,347
-0.000851,999,813.83772,348
-0.001112,999,815.817846,349
-0.000828,999,818.373893,350
-0.000826,999,821.04904,351
-0.000872,999,823.253664,352
-0.000894,999,825.237941,353
-0.000865,999,827.24806,354
-0.000803,999,829.278775,355
-0.000805,999,831.453946,356
-0.00082,999,834.294391,357
-0.000802,999,836.991913,358
-0.00074,999,839.5316,359
-0.000714,999,841.511641,360
-0.000836,999,843.457734,361
-0.000772,999,845.424971,362
-0.000666,999,847.322088,363
-0.000665,999,849.171749,364
-0.000695,999,851.689192,365
-0.000714,999,854.40714,366
-0.000668,999,856.697278,367
-0.000671,999,858.723515,368
-0.000592,999,859.684629,369
-0.000663,999,861.596289,370
-0.000616,999,863.62875,371
-0.000596,999,865.610232,372
-0.000605,999,868.111466,373
-0.000609,999,870.739207,374
-0.000605,999,873.255536,375
-0.000717,999,875.178199,376
-0.000652,999,877.089041,377
-0.000633,999,879.010953,378
-0.00062,999,880.975409,379
-0.000594,999,883.04894,380
-0.000563,999,885.681643,381
-0.000531,999,888.606647,382
-0.000524,999,890.792523,383
-0.000531,999,892.778379,384
-0.000521,999,894.787277,385
-0.000613,999,896.805838,386
-0.000605,999,898.802248,387
-0.000643,999,901.461172,388
-0.000606,999,904.260999,389
-0.000661,999,906.820225,390
-0.00063,999,908.726162,391
-0.000589,999,910.733795,392
-0.000597,999,912.841983,393
-0.000554,999,914.809894,394
-0.000524,999,916.895673,395
-0.000502,999,919.445333,396
-0.000559,999,922.524754,397
-0.000562,999,924.97488,398
-0.00051,999,927.098903,399
-0.000523,999,929.124719,400
-0.000552,999,931.221238,401
-0.000529,999,933.289173,402
-0.000549,999,935.904535,403
-0.000545,999,938.802459,404
-0.00055,999,941.658682,405
-0.000611,999,943.906897,406
-0.00059,999,945.852038,407
-0.000604,999,947.783406,408
-0.000517,999,949.675171,409
-0.000518,999,950.660003,410
-0.000471,999,953.221693,411
-0.000495,999,955.930369,412
-0.000462,999,958.590326,413
-0.000478,999,960.54646,414
-0.00049,999,962.47521,415
-0.000509,999,964.481279,416
-0.000473,999,966.413195,417
-0.000462,999,968.395065,418
-0.00046,999,970.964357,419
-0.000532,999,973.648469,420
-0.000442,999,976.118307,421
-0.000431,999,978.01565,422
-0.000443,999,979.853594,423
-0.000455,999,981.743776,424
-0.000435,999,983.595698,425
-0.000477,999,985.513906,426
-0.000497,999,988.202333,427
-0.000463,999,991.126641,428
-0.000466,999,993.45596,429
-0.000484,999,995.335788,430
-0.000474,999,997.304177,431
-0.000451,999,999.278688,432
-0.000449,999,1001.330741,433
-0.000473,999,1003.570407,434
-0.000497,999,1006.21149,435
-0.000449,999,1008.824636,436
-0.000448,999,1010.743532,437
-0.00048,999,1012.656324,438
-0.000436,999,1014.606602,439
-0.000444,999,1016.497404,440
-0.000465,999,1018.429895,441
-0.000483,999,1020.91899,442
-0.000518,999,1023.727515,443
-0.000499,999,1026.194419,444
-0.000477,999,1028.070373,445
-0.000454,999,1029.988283,446
-0.0004,999,1031.967841,447
-0.000426,999,1033.946425,448
-0.000459,999,1036.111621,449
-0.000476,999,1038.977522,450
-0.000497,999,1040.518318,451
-0.000566,999,1043.42072,452
-0.000587,999,1045.502545,453
-0.000641,999,1047.364715,454
-0.000564,999,1049.212883,455
-0.000505,999,1051.123797,456
-0.000487,999,1053.096434,457
-0.000528,999,1055.60279,458
-0.000592,999,1058.352187,459
-0.000503,999,1060.601093,460
-0.000598,999,1062.518946,461
-0.000587,999,1064.463557,462
-0.000623,999,1066.334229,463
-0.000589,999,1068.260296,464
-0.000744,999,1070.360929,465
-0.001229,999,1072.890372,466
-0.001044,999,1075.519809,467
-0.001004,999,1077.586535,468
-0.000676,999,1079.506082,469
-0.00066,999,1081.525217,470
-0.000702,999,1083.45577,471
-0.00038,999,1085.416379,472
-0.000372,999,1087.946123,473
-0.000545,999,1090.679814,474
-0.000396,999,1093.43134,475
-0.000407,999,1095.404714,476
-0.000443,999,1097.388933,477
-0.00046,999,1099.403974,478
-0.000619,999,1101.422493,479
-0.000527,999,1103.532422,480
-0.000489,999,1106.042777,481
-0.000525,999,1108.885164,482
-0.000452,999,1111.286704,483
-0.000566,999,1113.213612,484
-0.000716,999,1115.041291,485
-0.00043,999,1116.86548,486
-0.000826,999,1118.745553,487
-0.000526,999,1120.95801,488
-0.00064,999,1123.426327,489
-0.00161,999,1125.983234,490
-0.000663,999,1128.46326,491
-0.00046,999,1129.414725,492
-0.000537,999,1131.351945,493
-0.000829,999,1133.243163,494
-0.000895,999,1135.108042,495
-0.000735,999,1136.971268,496
-0.000522,999,1139.07152,497
-0.001054,999,1141.629102,498
-0.000511,999,1144.364291,499
-0.000603,999,1146.284793,500
-0.000511,999,1148.183493,501
-0.000657,999,1150.083403,502
-0.001028,999,1151.994559,503
-0.000656,999,1153.875806,504
-0.000712,999,1156.206052,505
-0.000903,999,1158.799022,506
-0.000909,999,1161.4541,507
-0.001279,999,1163.351034,508
-0.000936,999,1165.296331,509
-0.000829,999,1167.229203,510
-0.001263,999,1169.17438,511
-0.001145,999,1171.133842,512
-0.000769,999,1173.532137,513
-0.000786,999,1176.262719,514
-0.001087,999,1178.541683,515
-0.001544,999,1180.463518,516
-0.000763,999,1182.397905,517
-0.001204,999,1184.268741,518
-0.000764,999,1186.231208,519
-0.000732,999,1188.328026,520
-0.000533,999,1190.837628,521
-0.000421,999,1193.568513,522
-0.001054,999,1195.68234,523
-0.000789,999,1197.653228,524
-0.000665,999,1199.593003,525
-0.000357,999,1201.538296,526
-0.000356,999,1203.474016,527
-0.000719,999,1205.835387,528
-0.000315,999,1208.589599,529
-0.000815,999,1211.237782,530
-0.00034,999,1213.157628,531
-0.000352,999,1215.008823,532
-0.000344,999,1215.976286,533
-0.000717,999,1217.818131,534
-0.000476,999,1219.709701,535
-0.0003,999,1221.834128,536
-0.00043,999,1224.297118,537
-0.000757,999,1227.005624,538
-0.00029,999,1229.11954,539
-0.000371,999,1230.991057,540
-0.000377,999,1232.872118,541
-0.000493,999,1234.713676,542
-0.000375,999,1236.560637,543
-0.000476,999,1238.856131,544
-0.000361,999,1241.360076,545
-0.000373,999,1244.055021,546
-0.00036,999,1246.103361,547
-0.000486,999,1248.026663,548
-0.000351,999,1249.908887,549
-0.000414,999,1251.876885,550
-0.00035,999,1253.760107,551
-0.000296,999,1256.257692,552
-0.000379,999,1258.871872,553
-0.000345,999,1261.671364,554
-0.000306,999,1263.541365,555
-0.000368,999,1265.369987,556
-0.000297,999,1267.226429,557
-0.000342,999,1269.065049,558
-0.000368,999,1271.010535,559
-0.000437,999,1273.46004,560
-0.00045,999,1276.13378,561
-0.000463,999,1278.972999,562
-0.000432,999,1281.044618,563
-0.000446,999,1283.194942,564
-0.000472,999,1285.253096,565
-0.000489,999,1287.246377,566
-0.000453,999,1289.374482,567
-0.000401,999,1292.117271,568
-0.000407,999,1294.857042,569
-0.000415,999,1297.268187,570
-0.000445,999,1299.21765,571
-0.000444,999,1301.323416,572
-0.000483,999,1303.295002,573
-0.000452,999,1304.291493,574
-0.000479,999,1306.227335,575
-0.000421,999,1308.739856,576
-0.00057,999,1311.39297,577
-0.000551,999,1313.659943,578
-0.00063,999,1315.669772,579
-0.000627,999,1317.655431,580
-0.000706,999,1319.547941,581
-0.000656,999,1321.485931,582
-0.000566,999,1323.592665,583
-0.000556,999,1326.049466,584
-0.000611,999,1328.694806,585
-0.000553,999,1330.8644,586
-0.000558,999,1332.75774,587
-0.000507,999,1334.617331,588
-0.000443,999,1336.493649,589
-0.000443,999,1338.391477,590
-0.000483,999,1340.585701,591
-0.00047,999,1343.167792,592
-0.000468,999,1345.934115,593
-0.000431,999,1347.923998,594
-0.000428,999,1349.88641,595
-0.000498,999,1351.842417,596
-0.000589,999,1353.80466,597
-0.000479,999,1355.651862,598
-0.000454,999,1357.980327,599
-0.000479,999,1360.695108,600
-0.000526,999,1363.126832,601
-0.000613,999,1365.11874,602
-0.000694,999,1367.051519,603
-0.00071,999,1368.989419,604
-0.000629,999,1370.915253,605
-0.000593,999,1373.137292,606
-0.000685,999,1375.703861,607
-0.000729,999,1378.57685,608
-0.000766,999,1380.703315,609
-0.00084,999,1382.672888,610
-0.000864,999,1384.550005,611
-0.000993,999,1386.478952,612
-0.00108,999,1388.395592,613
-0.000887,999,1390.713584,614
-0.000937,999,1391.921485,615
-0.000734,999,1394.591865,616
-0.000682,999,1397.095024,617
-0.000589,999,1399.027467,618
-0.000543,999,1400.876791,619
-0.000517,999,1402.766569,620
-0.00054,999,1404.691581,621
-0.000458,999,1406.776494,622
-0.000545,999,1409.302798,623
-0.000461,999,1411.988672,624
-0.000476,999,1414.23056,625
-0.000504,999,1416.099188,626
-0.000426,999,1418.049464,627
-0.000377,999,1420.13969,628
-0.00041,999,1422.133139,629
-0.000405,999,1424.432536,630
-0.000408,999,1427.045355,631
-0.00038,999,1429.645049,632
-0.000415,999,1431.802785,633
-0.000499,999,1433.773328,634
-0.000521,999,1435.792674,635
-0.000545,999,1437.869017,636
-0.000519,999,1439.851,637
-0.000419,999,1442.358134,638
-0.000432,999,1444.788966,639
-0.000438,999,1447.425639,640
-0.000371,999,1449.356318,641
-0.000346,999,1451.226054,642
-0.000313,999,1453.059456,643
-0.00029,999,1454.958996,644
-0.000267,999,1456.915631,645
-0.000254,999,1459.779883,646
-0.000211,999,1462.669394,647
-0.000249,999,1465.024646,648
-0.000264,999,1467.018348,649
-0.0003,999,1469.177851,650
-0.000256,999,1471.352524,651
-0.000366,999,1473.469744,652
-0.000374,999,1476.218586,653
-0.000399,999,1479.036382,654
-0.000332,999,1481.774604,655
-0.000293,999,1482.769615,656
-0.000276,999,1484.782594,657
-0.000253,999,1486.800494,658
-0.000236,999,1488.856726,659
-0.000226,999,1490.821863,660
-0.000249,999,1493.406868,661
-0.000266,999,1496.12971,662
-0.000259,999,1498.756891,663
-0.000297,999,1500.799581,664
-0.000295,999,1502.7436,665
-0.000311,999,1504.678851,666
-0.000276,999,1506.591287,667
-0.000275,999,1508.729594,668
-0.000259,999,1511.754866,669
-0.000224,999,1514.938963,670
-0.000241,999,1516.929271,671
-0.000233,999,1518.834757,672
-0.000204,999,1520.720856,673
-0.000227,999,1522.60309,674
-0.000235,999,1524.545646,675
-0.000227,999,1527.181982,676
-0.00024,999,1529.82069,677
-0.00022,999,1532.417706,678
-0.000222,999,1534.270419,679
-0.000252,999,1536.182954,680
-0.000254,999,1538.157957,681
-0.000241,999,1540.106027,682
-0.000232,999,1542.246259,683
-0.000246,999,1544.74747,684
-0.000285,999,1547.394622,685
-0.000245,999,1549.658255,686
-0.000289,999,1551.604603,687
-0.000285,999,1553.462273,688
-0.000261,999,1555.324932,689
-0.000246,999,1557.266514,690
-0.000291,999,1559.431247,691
-0.0003,999,1562.053695,692
-0.000318,999,1564.690205,693
-0.000325,999,1566.86497,694
-0.000279,999,1568.773708,695
-0.000301,999,1570.73971,696
-0.000275,999,1571.712741,697
-0.000365,999,1573.643245,698
-0.000406,999,1575.532612,699
-0.000452,999,1578.013602,700
-0.000408,999,1580.66847,701
-0.00048,999,1583.039718,702
-0.000508,999,1584.872488,703
-0.000557,999,1586.7514,704
-0.000466,999,1588.655186,705
-0.00037,999,1590.532699,706
-0.000346,999,1592.570344,707
-0.000401,999,1595.079005,708
-0.000374,999,1597.740991,709
-0.000348,999,1599.973884,710
-0.000283,999,1601.97872,711
-0.00024,999,1603.828721,712
-0.00025,999,1605.669521,713
-0.000266,999,1607.560028,714
-0.000303,999,1609.715131,715
-0.000388,999,1612.230402,716
-0.000418,999,1614.811743,717
-0.000427,999,1616.944682,718
-0.000439,999,1618.892164,719
-0.000389,999,1620.816719,720
-0.000386,999,1622.769353,721
-0.000395,999,1624.676875,722
-0.000469,999,1626.813943,723
-0.000453,999,1629.318401,724
-0.000431,999,1632.09307,725
-0.000448,999,1634.030246,726
-0.000429,999,1635.974785,727
-0.000393,999,1637.903674,728
-0.000299,999,1639.822614,729
-0.000264,999,1641.760423,730
-0.000248,999,1644.129243,731
-0.000211,999,1646.677875,732
-0.000211,999,1649.371304,733
-0.000209,999,1651.399331,734
-0.000207,999,1653.388472,735
-0.000227,999,1655.386832,736
-0.00021,999,1657.366745,737
-0.000219,999,1658.342232,738
-0.000199,999,1660.621549,739
-0.000184,999,1663.401635,740
-0.000252,999,1666.111507,741
-0.000209,999,1668.223397,742
-0.000203,999,1670.248855,743
-0.000188,999,1672.333773,744
-0.000197,999,1674.277705,745
-0.000217,999,1676.393365,746
-0.000322,999,1678.90239,747
-0.000332,999,1681.806549,748
-0.000335,999,1684.289396,749
-0.000325,999,1686.266695,750
-0.000292,999,1688.163396,751
-0.000322,999,1690.08235,752
-0.000277,999,1692.567699,753
-0.000273,999,1695.489836,754
-0.000421,999,1698.52311,755
-0.000441,999,1701.74466,756
-0.000363,999,1704.330725,757
-0.000356,999,1706.244907,758
-0.000332,999,1708.199742,759
-0.000244,999,1710.10602,760
-0.000188,999,1712.037978,761
-0.000187,999,1713.952524,762
-0.000168,999,1716.387181,763
-0.000164,999,1719.046672,764
-0.000179,999,1721.576255,765
-0.000198,999,1723.445522,766
-0.000172,999,1725.349896,767
-0.000176,999,1727.267804,768
-0.000188,999,1729.173729,769
-0.000197,999,1731.088133,770
-0.000195,999,1733.484557,771
-0.000188,999,1736.099338,772
-0.00019,999,1738.531362,773
-0.000224,999,1740.447592,774
-0.000216,999,1742.35855,775
-0.000231,999,1744.264121,776
-0.000245,999,1746.15079,777
-0.000265,999,1748.120034,778
-0.000255,999,1749.320373,779
-0.000246,999,1752.043995,780
-0.000232,999,1754.655899,781
-0.000225,999,1756.577083,782
-0.000233,999,1758.573722,783
-0.000299,999,1760.538651,784
-0.000315,999,1762.466591,785
-0.000337,999,1764.377179,786
-0.000284,999,1766.941725,787
-0.000256,999,1769.656103,788
-0.000218,999,1772.069875,789
-0.000255,999,1774.054689,790
-0.000231,999,1775.970599,791
-0.000212,999,1777.891914,792
-0.000246,999,1779.85381,793
-0.000265,999,1782.253793,794
-0.000259,999,1784.755234,795
-0.000305,999,1787.637468,796
-0.000287,999,1789.619861,797
-0.000267,999,1791.58066,798
-0.000284,999,1793.428474,799
-0.000299,999,1795.30853,800
-0.000344,999,1797.245347,801
-0.00041,999,1799.676975,802
-0.0004,999,1802.340441,803
-0.000437,999,1804.794436,804
-0.000416,999,1806.718189,805
-0.000398,999,1808.744067,806
-0.000501,999,1810.677524,807
-0.000654,999,1812.581032,808
-0.000685,999,1814.538954,809
-0.00061,999,1817.082526,810
-0.00064,999,1819.989104,811
-0.000515,999,1822.177776,812
-0.000535,999,1824.006644,813
-0.00051,999,1825.850932,814
-0.000492,999,1827.769939,815
-0.00044,999,1829.682028,816
-0.000557,999,1831.977392,817
-0.000513,999,1834.559848,818
-0.000438,999,1837.380457,819
-0.000453,999,1838.534628,820
-0.000448,999,1840.500621,821
-0.0004,999,1842.523061,822
-0.000352,999,1844.504941,823
-0.000434,999,1846.520817,824
-0.000471,999,1848.714178,825
-0.000361,999,1851.408902,826
-0.000358,999,1854.191318,827
-0.000318,999,1856.190139,828
-0.000265,999,1858.174109,829
-0.000223,999,1860.1329,830
-0.000182,999,1862.036098,831
-0.000166,999,1863.995119,832
-0.000145,999,1866.42333,833
-0.000179,999,1869.019263,834
-0.000163,999,1871.708414,835
-0.000186,999,1873.592136,836
-0.000155,999,1875.44161,837
-0.000179,999,1877.324636,838
-0.000194,999,1879.251109,839
-0.000181,999,1881.195825,840
-0.000193,999,1883.758703,841
-0.00019,999,1886.443885,842
-0.000197,999,1888.79834,843
-0.000205,999,1890.710228,844
-0.000182,999,1892.626003,845
-0.000152,999,1894.513854,846
-0.000137,999,1896.467075,847
-0.000154,999,1898.58865,848
-0.000159,999,1901.157093,849
-0.000158,999,1903.895553,850
-0.000143,999,1906.154413,851
-0.000145,999,1908.084813,852
-0.000179,999,1910.0811,853
-0.000161,999,1912.215015,854
-0.000142,999,1914.155204,855
-0.000152,999,1916.636662,856
-0.000161,999,1919.383195,857
-0.000191,999,1922.04031,858
-0.000139,999,1923.922682,859
-0.000146,999,1925.837233,860
-0.000144,999,1926.836136,861
-0.000142,999,1928.750058,862
-0.000154,999,1930.706694,863
-0.000152,999,1932.864842,864
-0.000144,999,1935.402794,865
-0.000151,999,1938.201976,866
-0.000177,999,1940.16557,867
-0.000149,999,1942.188313,868
-0.000181,999,1944.039683,869
-0.000197,999,1945.977439,870
-0.000189,999,1947.856398,871
-0.000177,999,1950.23703,872
-0.000225,999,1952.847389,873
-0.000266,999,1955.644118,874
-0.00023,999,1957.612571,875
-0.000191,999,1959.60397,876
-0.000196,999,1961.632114,877
-0.00022,999,1963.580183,878
-0.000228,999,1965.601938,879
-0.000228,999,1968.209094,880
-0.000291,999,1970.981281,881
-0.000342,999,1973.184525,882
-0.000266,999,1975.157658,883
-0.000202,999,1977.202295,884
-0.000271,999,1979.233513,885
-0.000232,999,1981.218992,886
-0.000202,999,1983.536318,887
-0.000166,999,1986.372005,888
-0.000195,999,1989.296033,889
-0.000194,999,1991.419445,890
-0.000156,999,1993.463369,891
-0.000147,999,1995.514436,892
-0.000158,999,1997.608579,893
-0.000139,999,2000.077215,894
-0.000154,999,2002.752057,895
-0.000175,999,2005.55849,896
-0.000139,999,2007.601406,897
-0.000132,999,2009.657852,898
-0.000124,999,2011.655301,899
-0.000141,999,2013.654665,900
-0.00016,999,2015.611999,901
-0.000136,999,2016.905527,902
-0.000157,999,2019.608969,903
-0.000121,999,2022.776607,904
-0.000142,999,2026.127803,905
-0.000118,999,2029.069667,906
-0.000129,999,2031.094631,907
-0.000123,999,2033.012303,908
-0.000134,999,2035.024298,909
-0.000125,999,2037.369303,910
-0.000118,999,2039.88706,911
-0.00012,999,2042.687722,912
-0.000157,999,2044.59033,913
-0.00017,999,2046.427269,914
-0.000134,999,2048.312116,915
-0.000158,999,2050.217441,916
-0.000144,999,2052.117962,917
-0.000175,999,2054.400281,918
-0.000157,999,2056.737849,919
-0.000136,999,2059.427265,920
-0.000184,999,2061.456559,921
-0.000165,999,2063.368442,922
-0.000143,999,2065.213998,923
-0.00013,999,2067.163844,924
-0.000129,999,2069.055275,925
-0.000111,999,2071.401656,926
-0.000103,999,2074.055288,927
-0.000117,999,2076.687453,928
-0.000139,999,2078.565616,929
-0.000134,999,2080.500048,930
-0.000117,999,2082.497761,931
-0.000107,999,2084.389589,932
-0.000106,999,2086.232545,933
-0.000107,999,2088.729062,934
-0.000116,999,2091.482463,935
-0.000116,999,2094.097698,936
-0.000127,999,2096.061772,937
-0.000119,999,2097.903235,938
-0.0001,999,2099.881804,939
-0.000106,999,2101.851825,940
-0.000109,999,2103.927524,941
-0.000109,999,2106.481508,942
-0.000111,999,2107.830367,943
-0.000105,999,2110.511793,944
-9.70E-05,999,2112.511867,945
-0.000101,999,2114.41098,946
-0.0001,999,2116.349757,947
-0.000102,999,2118.235681,948
-0.000139,999,2120.143609,949
-0.000108,999,2122.457908,950
-0.000108,999,2125.133644,951
-0.000117,999,2127.775052,952
-0.000102,999,2129.637943,953
-9.80E-05,999,2131.541424,954
-0.000102,999,2133.413465,955
-0.000113,999,2135.263546,956
-9.20E-05,999,2137.138736,957
-0.000109,999,2139.710958,958
-0.000107,999,2142.473591,959
-9.60E-05,999,2144.640356,960
-9.50E-05,999,2146.599779,961
-9.50E-05,999,2148.42705,962
-0.000111,999,2150.314951,963
-0.000129,999,2152.303802,964
-0.000128,999,2154.494879,965
-0.00013,999,2157.194494,966
-0.000121,999,2160.018023,967
-0.000107,999,2162.12669,968
-0.000115,999,2164.097171,969
-0.000142,999,2166.06339,970
-0.000152,999,2167.964423,971
-0.000213,999,2169.860608,972
-0.000225,999,2172.227108,973
-0.000179,999,2174.637069,974
-0.000186,999,2177.173204,975
-0.000232,999,2179.148103,976
-0.000201,999,2181.045562,977
-0.000179,999,2182.924422,978
-0.000195,999,2184.734242,979
-0.000159,999,2186.68479,980
-0.000151,999,2189.013093,981
-0.000139,999,2191.647894,982
-0.000163,999,2194.351291,983
-0.000194,999,2195.388558,984
-0.000155,999,2197.349061,985
-0.000139,999,2199.282199,986
-0.000213,999,2201.204474,987
-0.00018,999,2203.108628,988
-0.000171,999,2205.127532,989
-0.000148,999,2207.506781,990
-0.000151,999,2210.297842,991
-0.000162,999,2212.37734,992
-0.000169,999,2214.25075,993
-0.000151,999,2216.130372,994
-0.000193,999,2218.092296,995
-0.000175,999,2219.995492,996
-0.000214,999,2222.399421,997
-0.000278,999,2224.89299,998
-0.000262,999,2227.60078,999
-0.000256,999,2229.561715,1000
-0.000319,999,2231.420322,1001
